timestamp,heart_rate
2024-09-29 19:01:20+03:00,100.0
2024-09-29 19:08:31+03:00,106.0
2024-09-29 20:03:54+03:00,94.0
2024-09-29 20:07:18+03:00,106.0
2024-09-29 20:20:53+03:00,91.0
2024-10-01 14:57:34+03:00,97.0
2024-10-01 15:02:32+03:00,98.0
2024-10-01 15:07:31+03:00,101.0
2024-10-01 15:12:27+03:00,91.0
2024-10-01 15:13:58+03:00,89.0
2024-10-01 15:21:12+03:00,89.0
2024-10-01 15:24:35+03:00,83.0
2024-10-01 15:32:32+03:00,97.0
2024-10-01 15:38:22+03:00,61.0
2024-10-01 15:42:57+03:00,61.0
2024-10-01 15:44:56+03:00,93.0
2024-10-01 15:55:41+03:00,101.0
2024-10-01 16:02:54+03:00,88.0
2024-10-01 16:04:51+03:00,83.0
2024-10-01 16:13:36+03:00,98.0
2024-10-01 16:17:58+03:00,95.0
2024-10-01 16:19:25+03:00,98.0
2024-10-01 16:25:35+03:00,91.0
2024-10-01 16:38:09+03:00,59.0
2024-10-01 16:39:46+03:00,83.0
2024-10-01 16:48:15+03:00,94.0
2024-10-01 16:53:47+03:00,90.0
2024-10-01 17:01:51+03:00,102.0
2024-10-01 17:32:17+03:00,77.0
2024-10-02 09:55:04+03:00,89.0
2024-10-02 09:56:18+03:00,97.0
2024-10-02 10:03:44+03:00,88.0
2024-10-02 10:08:09+03:00,88.0
2024-10-02 10:12:57+03:00,85.0
2024-10-02 10:17:25+03:00,88.0
2024-10-02 10:25:11+03:00,81.0
2024-10-02 10:26:38+03:00,81.0
2024-10-02 10:39:33+03:00,74.0
2024-10-02 10:41:18+03:00,79.0
2024-10-02 10:49:57+03:00,80.0
2024-10-02 10:55:59+03:00,74.0
2024-10-02 10:58:43+03:00,72.0
2024-10-02 11:04:24+03:00,76.0
2024-10-02 11:12:11+03:00,78.0
2024-10-02 11:19:39+03:00,81.0
2024-10-02 11:22:28+03:00,81.0
2024-10-02 11:26:42+03:00,81.0
2024-10-02 11:35:10+03:00,80.0
2024-10-02 11:36:44+03:00,86.0
2024-10-02 11:45:01+03:00,63.0
2024-10-02 11:47:29+03:00,90.0
2024-10-02 12:00:47+03:00,93.0
2024-10-02 12:11:27+03:00,69.0
2024-10-02 12:18:14+03:00,90.0
2024-10-02 12:22:01+03:00,61.0
2024-10-02 12:26:46+03:00,91.0
2024-10-02 12:33:08+03:00,73.0
2024-10-02 12:36:19+03:00,76.0
2024-10-02 12:43:40+03:00,89.0
2024-10-02 12:49:16+03:00,90.0
2024-10-02 12:52:48+03:00,84.0
2024-10-02 12:56:35+03:00,83.0
2024-10-02 13:11:09+03:00,81.0
2024-10-02 13:18:30+03:00,85.0
2024-10-02 13:25:51+03:00,91.0
2024-10-02 13:29:56+03:00,98.0
2024-10-02 13:33:27+03:00,86.0
2024-10-02 13:38:05+03:00,82.0
2024-10-02 13:41:21+03:00,89.0
2024-10-02 13:49:51+03:00,94.0
2024-10-02 13:56:10+03:00,88.0
2024-10-02 14:01:01+03:00,91.0
2024-10-02 14:03:36+03:00,89.0
2024-10-02 14:10:39+03:00,82.0
2024-10-02 14:14:03+03:00,81.0
2024-10-02 14:18:10+03:00,93.0
2024-10-02 15:00:05+03:00,104.0
2024-10-02 15:03:14+03:00,88.0
2024-10-02 15:11:36+03:00,97.0
2024-10-02 15:26:12+03:00,98.0
2024-10-02 15:33:20+03:00,89.0
2024-10-02 15:40:01+03:00,99.0
2024-10-02 15:44:33+03:00,95.0
2024-10-02 15:48:33+03:00,100.0
2024-10-02 15:51:59+03:00,98.0
2024-10-02 15:58:57+03:00,93.0
2024-10-02 16:05:17+03:00,93.0
2024-10-02 16:07:04+03:00,79.0
2024-10-02 16:13:39+03:00,101.0
2024-10-02 16:18:52+03:00,102.0
2024-10-02 16:22:06+03:00,73.0
2024-10-02 16:33:26+03:00,107.0
2024-10-02 16:39:25+03:00,106.0
2024-10-02 16:41:25+03:00,102.0
2024-10-02 16:58:49+03:00,106.0
2024-10-02 17:04:54+03:00,78.0
2024-10-02 17:14:19+03:00,85.0
2024-10-02 17:21:48+03:00,117.0
2024-10-02 17:37:41+03:00,91.0
2024-10-02 17:43:30+03:00,68.0
2024-10-04 10:56:59+03:00,88.0
2024-10-04 11:05:12+03:00,84.0
2024-10-04 11:11:11+03:00,95.0
2024-10-04 11:13:04+03:00,85.0
2024-10-04 11:18:25+03:00,88.0
2024-10-04 11:25:21+03:00,89.0
2024-10-04 11:27:16+03:00,93.0
2024-10-04 11:40:39+03:00,100.0
2024-10-04 11:43:41+03:00,100.0
2024-10-04 11:49:25+03:00,103.0
2024-10-04 11:53:25+03:00,94.0
2024-10-04 11:59:35+03:00,90.0
2024-10-04 12:02:15+03:00,106.0
2024-10-04 12:09:34+03:00,94.0
2024-10-04 12:15:36+03:00,85.0
2024-10-04 12:20:35+03:00,90.0
2024-10-04 12:22:47+03:00,79.0
2024-10-04 12:27:48+03:00,99.0
2024-10-04 12:59:35+03:00,91.0
2024-10-04 13:02:10+03:00,101.0
2024-10-04 13:06:50+03:00,113.0
2024-10-04 13:13:18+03:00,99.0
2024-10-04 13:16:24+03:00,107.0
2024-10-04 13:31:01+03:00,102.0
2024-10-04 13:35:39+03:00,97.0
2024-10-04 13:46:01+03:00,103.0
2024-10-04 13:48:08+03:00,99.0
2024-10-04 13:51:29+03:00,93.0
2024-10-04 14:10:11+03:00,94.0
2024-10-04 14:11:38+03:00,98.0
2024-10-04 14:20:08+03:00,99.0
2024-10-04 14:22:28+03:00,105.0
2024-10-04 14:28:22+03:00,107.0
2024-10-04 14:31:23+03:00,83.0
2024-10-04 14:40:34+03:00,97.0
2024-10-04 14:58:02+03:00,91.0
2024-10-04 20:58:01+03:00,90.0
2024-10-04 21:25:38+03:00,84.0
2024-10-04 21:32:57+03:00,113.0
2024-10-04 21:40:13+03:00,93.0
2024-10-04 21:41:27+03:00,95.0
2024-10-04 21:56:21+03:00,103.0
2024-10-04 22:05:47+03:00,97.0
2024-10-04 22:08:18+03:00,99.0
2024-10-04 22:13:31+03:00,89.0
2024-10-04 22:33:05+03:00,101.0
2024-10-04 23:19:16+03:00,106.0
2024-10-04 23:33:09+03:00,68.0
2024-10-04 23:49:04+03:00,91.0
2024-10-05 00:05:45+03:00,88.0
2024-10-05 00:07:17+03:00,98.0
2024-10-05 00:15:11+03:00,78.0
2024-10-05 00:18:58+03:00,93.0
2024-10-05 00:25:50+03:00,90.0
2024-10-05 00:31:16+03:00,88.0
2024-10-05 00:40:27+03:00,99.0
2024-10-05 00:45:50+03:00,95.0
2024-10-05 00:49:29+03:00,97.0
2024-10-05 00:57:33+03:00,89.0
2024-10-05 13:19:54+03:00,100.0
2024-10-05 13:22:55+03:00,97.0
2024-10-05 13:32:16+03:00,82.0
2024-10-05 13:36:44+03:00,99.0
2024-10-05 13:51:14+03:00,98.0
2024-10-05 13:57:18+03:00,90.0
2024-10-05 14:18:08+03:00,105.0
2024-10-05 14:58:32+03:00,85.0
2024-10-05 15:12:54+03:00,90.0
2024-10-05 15:36:07+03:00,72.0
2024-10-05 16:01:17+03:00,97.0
2024-10-05 16:09:24+03:00,105.0
2024-10-05 16:15:21+03:00,97.0
2024-10-05 16:22:14+03:00,91.0
2024-10-05 16:32:18+03:00,99.0
2024-10-05 16:44:37+03:00,94.0
2024-10-05 16:51:48+03:00,91.0
2024-10-05 17:01:16+03:00,95.0
2024-10-05 17:23:22+03:00,92.0
2024-10-05 17:26:49+03:00,102.0
2024-10-05 17:32:20+03:00,100.0
2024-10-05 17:44:55+03:00,83.0
2024-10-05 17:48:49+03:00,104.0
2024-10-05 18:11:34+03:00,105.0
2024-10-05 18:32:20+03:00,72.0
2024-10-05 18:38:43+03:00,91.0
2024-10-07 08:40:20+03:00,88.0
2024-10-07 09:00:03+03:00,95.0
2024-10-07 09:15:43+03:00,94.0
2024-10-07 09:21:07+03:00,74.0
2024-10-07 09:23:02+03:00,112.0
2024-10-07 09:26:48+03:00,112.0
2024-10-07 09:33:51+03:00,99.0
2024-10-07 09:41:02+03:00,101.0
2024-10-07 09:42:23+03:00,92.0
2024-10-07 09:47:36+03:00,90.0
2024-10-07 09:55:12+03:00,69.0
2024-10-07 09:57:53+03:00,82.0
2024-10-07 10:09:20+03:00,82.0
2024-10-07 10:15:43+03:00,88.0
2024-10-07 10:19:52+03:00,85.0
2024-10-07 10:26:09+03:00,93.0
2024-10-07 10:35:15+03:00,88.0
2024-10-07 10:43:16+03:00,103.0
2024-10-07 10:47:29+03:00,98.0
2024-10-07 10:55:58+03:00,95.0
2024-10-07 10:59:17+03:00,64.0
2024-10-07 11:10:47+03:00,90.0
2024-10-07 11:15:14+03:00,88.0
2024-10-07 11:17:35+03:00,85.0
2024-10-07 11:25:46+03:00,82.0
2024-10-07 12:02:47+03:00,78.0
2024-10-07 12:13:46+03:00,70.0
2024-10-07 12:20:21+03:00,82.0
2024-10-07 12:46:17+03:00,101.0
2024-10-07 12:48:27+03:00,94.0
2024-10-07 12:53:05+03:00,84.0
2024-10-07 12:56:54+03:00,93.0
2024-10-07 13:03:02+03:00,94.0
2024-10-07 13:10:00+03:00,90.0
2024-10-07 13:11:24+03:00,90.0
2024-10-07 13:20:09+03:00,73.0
2024-10-07 13:25:35+03:00,111.0
2024-10-07 13:27:20+03:00,101.0
2024-10-07 13:32:28+03:00,104.0
2024-10-07 13:39:01+03:00,89.0
2024-10-07 13:46:17+03:00,73.0
2024-10-07 13:50:19+03:00,91.0
2024-10-07 13:52:37+03:00,89.0
2024-10-07 13:58:44+03:00,98.0
2024-10-07 14:06:17+03:00,49.0
2024-10-07 14:10:55+03:00,90.0
2024-10-07 14:12:58+03:00,83.0
2024-10-07 14:19:53+03:00,82.0
2024-10-07 14:24:26+03:00,98.0
2024-10-07 14:31:01+03:00,85.0
2024-10-07 14:35:51+03:00,103.0
2024-10-07 14:37:26+03:00,88.0
2024-10-07 14:44:18+03:00,103.0
2024-10-07 14:47:04+03:00,104.0
2024-10-07 14:55:26+03:00,100.0
2024-10-07 15:01:18+03:00,91.0
2024-10-07 15:03:35+03:00,99.0
2024-10-07 15:06:41+03:00,102.0
2024-10-07 15:13:09+03:00,97.0
2024-10-07 15:20:30+03:00,97.0
2024-10-07 15:25:31+03:00,100.0
2024-10-07 15:32:19+03:00,71.0
2024-10-07 15:36:44+03:00,74.0
2024-10-07 15:47:18+03:00,106.0
2024-10-07 15:54:49+03:00,90.0
2024-10-07 16:00:41+03:00,81.0
2024-10-07 16:05:52+03:00,92.0
2024-10-07 16:09:26+03:00,86.0
2024-10-07 16:13:54+03:00,95.0
2024-10-07 16:16:50+03:00,98.0
2024-10-07 16:24:31+03:00,88.0
2024-10-07 16:28:08+03:00,93.0
2024-10-07 16:43:06+03:00,119.0
2024-10-07 16:56:06+03:00,94.0
2024-10-07 16:58:54+03:00,112.0
2024-10-07 17:01:27+03:00,69.0
2024-10-07 17:23:34+03:00,104.0
2024-10-07 17:47:54+03:00,82.0
2024-10-07 17:53:56+03:00,81.0
2024-10-07 18:20:46+03:00,92.0
2024-10-08 11:34:03+03:00,107.0
2024-10-08 11:40:26+03:00,110.0
2024-10-08 11:55:59+03:00,98.0
2024-10-08 11:59:13+03:00,93.0
2024-10-08 12:04:27+03:00,97.0
2024-10-08 12:08:42+03:00,95.0
2024-10-08 12:12:46+03:00,97.0
2024-10-08 12:19:29+03:00,91.0
2024-10-08 12:24:33+03:00,93.0
2024-10-08 12:28:05+03:00,88.0
2024-10-08 12:31:39+03:00,89.0
2024-10-08 12:37:26+03:00,82.0
2024-10-08 12:44:47+03:00,81.0
2024-10-08 12:51:09+03:00,91.0
2024-10-08 12:53:32+03:00,98.0
2024-10-08 12:59:23+03:00,88.0
2024-10-08 13:01:41+03:00,86.0
2024-10-08 13:10:52+03:00,81.0
2024-10-08 13:14:46+03:00,81.0
2024-10-08 13:20:05+03:00,81.0
2024-10-08 13:25:59+03:00,83.0
2024-10-08 13:27:21+03:00,92.0
2024-10-08 13:37:33+03:00,107.0
2024-10-08 13:48:46+03:00,89.0
2024-10-08 13:55:03+03:00,82.0
2024-10-08 14:21:00+03:00,94.0
2024-10-08 14:22:50+03:00,97.0
2024-10-08 14:30:08+03:00,91.0
2024-10-08 14:45:26+03:00,89.0
2024-10-08 14:55:40+03:00,97.0
2024-10-08 15:01:04+03:00,107.0
2024-10-08 15:04:40+03:00,102.0
2024-10-08 15:08:12+03:00,103.0
2024-10-08 15:14:17+03:00,104.0
2024-10-08 15:20:19+03:00,90.0
2024-10-08 15:23:25+03:00,99.0
2024-10-08 15:27:15+03:00,97.0
2024-10-08 15:35:37+03:00,78.0
2024-10-08 15:38:39+03:00,82.0
2024-10-08 15:43:22+03:00,75.0
2024-10-08 15:46:25+03:00,78.0
2024-10-08 15:54:50+03:00,98.0
2024-10-08 15:59:43+03:00,81.0
2024-10-08 16:01:38+03:00,101.0
2024-10-08 16:09:45+03:00,97.0
2024-10-08 16:15:09+03:00,93.0
2024-10-08 16:16:33+03:00,97.0
2024-10-08 16:23:21+03:00,91.0
2024-10-08 16:30:55+03:00,94.0
2024-10-08 16:38:45+03:00,116.0
2024-10-08 16:50:26+03:00,106.0
2024-10-08 16:54:13+03:00,99.0
2024-10-08 16:56:23+03:00,116.0
2024-10-08 17:04:40+03:00,102.0
2024-10-08 17:08:55+03:00,103.0
2024-10-08 17:14:12+03:00,102.0
2024-10-08 17:17:05+03:00,100.0
2024-10-08 17:22:26+03:00,113.0
2024-10-08 17:26:23+03:00,113.0
2024-10-08 17:36:05+03:00,94.0
2024-10-08 17:40:43+03:00,101.0
2024-10-08 17:42:40+03:00,104.0
2024-10-08 17:50:39+03:00,72.0
2024-10-08 17:52:11+03:00,88.0
2024-10-08 17:56:54+03:00,106.0
2024-10-08 18:01:26+03:00,98.0
2024-10-08 18:10:55+03:00,84.0
2024-10-08 18:12:04+03:00,90.0
2024-10-08 18:20:54+03:00,95.0
2024-10-08 18:25:52+03:00,105.0
2024-10-08 18:39:50+03:00,78.0
2024-10-08 18:46:17+03:00,72.0
2024-10-08 18:49:44+03:00,89.0
2024-10-08 18:54:01+03:00,77.0
2024-10-08 18:56:59+03:00,74.0
2024-10-08 19:04:27+03:00,95.0
2024-10-08 19:39:14+03:00,93.0
2024-10-08 19:44:20+03:00,93.0
2024-10-08 21:50:38+03:00,82.0
2024-10-08 21:53:44+03:00,65.0
2024-10-08 21:59:18+03:00,106.0
2024-10-08 22:27:00+03:00,81.0
2024-10-08 22:36:08+03:00,91.0
2024-10-08 22:51:07+03:00,94.0
2024-10-08 22:53:30+03:00,91.0
2024-10-08 22:58:35+03:00,77.0
2024-10-08 23:06:19+03:00,98.0
2024-10-08 23:09:12+03:00,97.0
2024-10-08 23:12:16+03:00,97.0
2024-10-08 23:16:59+03:00,98.0
2024-10-08 23:25:59+03:00,74.0
2024-10-08 23:27:23+03:00,83.0
2024-10-08 23:35:24+03:00,72.0
2024-10-08 23:40:22+03:00,74.0
2024-10-08 23:42:37+03:00,93.0
2024-10-08 23:47:35+03:00,103.0
2024-10-08 23:55:39+03:00,83.0
2024-10-09 00:01:13+03:00,90.0
2024-10-09 00:03:05+03:00,89.0
2024-10-09 00:10:26+03:00,92.0
2024-10-09 00:15:54+03:00,82.0
2024-10-09 00:21:03+03:00,86.0
2024-10-09 00:25:23+03:00,83.0
2024-10-09 00:28:44+03:00,80.0
2024-10-09 00:32:23+03:00,95.0
2024-10-09 00:38:07+03:00,76.0
2024-10-09 00:43:26+03:00,93.0
2024-10-09 00:48:41+03:00,82.0
2024-10-09 01:09:35+03:00,86.0
2024-10-09 01:32:36+03:00,81.0
2024-10-09 01:36:36+03:00,76.0
2024-10-09 01:41:59+03:00,99.0
2024-10-09 01:48:54+03:00,98.0
2024-10-09 01:51:58+03:00,100.0
2024-10-09 01:58:20+03:00,83.0
2024-10-09 02:02:14+03:00,89.0
2024-10-09 02:15:01+03:00,89.0
2024-10-09 08:07:20+03:00,91.0
2024-10-09 08:12:00+03:00,88.0
2024-10-09 08:17:39+03:00,82.0
2024-10-09 08:21:24+03:00,79.0
2024-10-09 08:32:34+03:00,103.0
2024-10-09 09:05:28+03:00,82.0
2024-10-09 09:11:20+03:00,92.0
2024-10-09 09:13:25+03:00,89.0
2024-10-09 09:17:44+03:00,86.0
2024-10-09 09:49:30+03:00,90.0
2024-10-09 09:55:57+03:00,88.0
2024-10-09 10:00:35+03:00,88.0
2024-10-09 10:04:32+03:00,94.0
2024-10-09 10:07:20+03:00,88.0
2024-10-09 10:13:22+03:00,84.0
2024-10-09 10:16:26+03:00,90.0
2024-10-09 10:24:59+03:00,83.0
2024-10-09 10:28:59+03:00,82.0
2024-10-09 10:31:55+03:00,90.0
2024-10-09 10:38:25+03:00,91.0
2024-10-09 10:41:44+03:00,89.0
2024-10-09 10:51:02+03:00,95.0
2024-10-09 10:55:32+03:00,92.0
2024-10-09 11:01:19+03:00,89.0
2024-10-09 11:04:33+03:00,88.0
2024-10-09 11:07:55+03:00,90.0
2024-10-09 11:14:20+03:00,91.0
2024-10-09 11:23:46+03:00,83.0
2024-10-09 11:29:45+03:00,102.0
2024-10-09 11:40:22+03:00,90.0
2024-10-09 11:45:56+03:00,73.0
2024-10-09 11:50:24+03:00,86.0
2024-10-09 11:54:21+03:00,85.0
2024-10-09 11:57:52+03:00,94.0
2024-10-09 12:09:05+03:00,89.0
2024-10-09 12:11:31+03:00,86.0
2024-10-09 12:19:48+03:00,95.0
2024-10-09 12:36:09+03:00,83.0
2024-10-09 12:38:50+03:00,65.0
2024-10-09 12:46:57+03:00,82.0
2024-10-09 12:49:23+03:00,92.0
2024-10-09 12:56:16+03:00,100.0
2024-10-09 12:58:31+03:00,94.0
2024-10-09 13:04:53+03:00,86.0
2024-10-09 13:11:38+03:00,71.0
2024-10-09 13:15:13+03:00,83.0
2024-10-09 13:18:31+03:00,90.0
2024-10-09 13:24:05+03:00,99.0
2024-10-09 13:32:07+03:00,88.0
2024-10-09 13:34:43+03:00,88.0
2024-10-09 13:39:28+03:00,90.0
2024-10-09 13:47:45+03:00,97.0
2024-10-09 13:49:48+03:00,97.0
2024-10-09 13:53:30+03:00,56.0
2024-10-09 14:00:30+03:00,89.0
2024-10-09 14:07:52+03:00,82.0
2024-10-09 14:11:36+03:00,88.0
2024-10-09 14:17:41+03:00,89.0
2024-10-09 14:21:56+03:00,81.0
2024-10-09 14:28:55+03:00,89.0
2024-10-09 14:32:54+03:00,87.0
2024-10-09 14:44:08+03:00,84.0
2024-10-09 14:51:52+03:00,98.0
2024-10-09 15:00:17+03:00,93.0
2024-10-09 15:07:51+03:00,88.0
2024-10-09 15:12:29+03:00,99.0
2024-10-09 15:15:20+03:00,66.0
2024-10-09 15:18:36+03:00,103.0
2024-10-09 15:26:54+03:00,87.0
2024-10-09 15:28:10+03:00,91.0
2024-10-09 15:36:20+03:00,98.0
2024-10-09 15:57:04+03:00,103.0
2024-10-09 16:04:10+03:00,104.0
2024-10-09 16:10:57+03:00,59.0
2024-10-09 16:19:12+03:00,89.0
2024-10-09 20:41:29+03:00,76.0
2024-10-09 20:45:59+03:00,82.0
2024-10-09 20:51:32+03:00,88.0
2024-10-09 20:55:09+03:00,74.0
2024-10-09 20:58:10+03:00,91.0
2024-10-09 21:04:22+03:00,78.0
2024-10-09 21:10:24+03:00,82.0
2024-10-09 21:16:49+03:00,90.0
2024-10-09 21:20:51+03:00,92.0
2024-10-09 21:27:26+03:00,89.0
2024-10-09 21:29:00+03:00,79.0
2024-10-09 21:36:47+03:00,91.0
2024-10-09 21:39:02+03:00,89.0
2024-10-09 21:47:01+03:00,78.0
2024-10-09 21:49:44+03:00,72.0
2024-10-09 22:01:15+03:00,59.0
2024-10-09 22:03:56+03:00,88.0
2024-10-09 22:09:07+03:00,88.0
2024-10-09 22:15:12+03:00,91.0
2024-10-09 22:19:01+03:00,81.0
2024-10-09 22:25:36+03:00,75.0
2024-10-09 22:30:16+03:00,85.0
2024-10-09 22:33:25+03:00,88.0
2024-10-09 22:42:30+03:00,82.0
2024-10-10 08:55:33+03:00,101.0
2024-10-10 08:59:42+03:00,97.0
2024-10-10 09:06:38+03:00,91.0
2024-10-10 09:11:59+03:00,85.0
2024-10-10 09:15:02+03:00,90.0
2024-10-10 09:21:45+03:00,90.0
2024-10-10 09:25:37+03:00,90.0
2024-10-10 09:31:56+03:00,75.0
2024-10-10 09:37:48+03:00,72.0
2024-10-10 09:45:17+03:00,95.0
2024-10-10 09:51:04+03:00,89.0
2024-10-10 09:57:44+03:00,74.0
2024-10-10 10:02:19+03:00,90.0
2024-10-10 10:05:38+03:00,81.0
2024-10-10 10:08:01+03:00,98.0
2024-10-10 10:12:56+03:00,76.0
2024-10-10 10:27:41+03:00,87.0
2024-10-10 10:35:24+03:00,90.0
2024-10-10 10:41:54+03:00,81.0
2024-10-10 10:43:43+03:00,97.0
2024-10-10 10:48:24+03:00,88.0
2024-10-10 10:54:53+03:00,92.0
2024-10-10 10:59:59+03:00,97.0
2024-10-10 11:14:13+03:00,70.0
2024-10-10 11:22:40+03:00,94.0
2024-10-10 11:36:15+03:00,77.0
2024-10-10 11:50:21+03:00,68.0
2024-10-10 13:28:45+03:00,74.0
2024-10-10 13:49:39+03:00,121.0
2024-10-10 13:56:42+03:00,98.0
2024-10-10 14:02:34+03:00,104.0
2024-10-10 14:06:36+03:00,102.0
2024-10-10 14:10:16+03:00,90.0
2024-10-10 14:16:31+03:00,106.0
2024-10-10 14:18:23+03:00,75.0
2024-10-10 14:23:26+03:00,103.0
2024-10-10 14:30:53+03:00,99.0
2024-10-10 14:34:04+03:00,104.0
2024-10-10 14:52:12+03:00,94.0
2024-10-10 14:57:23+03:00,83.0
2024-10-10 15:02:01+03:00,88.0
2024-10-10 15:07:45+03:00,90.0
2024-10-10 15:12:13+03:00,95.0
2024-10-10 15:17:03+03:00,94.0
2024-10-10 15:21:21+03:00,92.0
2024-10-10 15:22:58+03:00,93.0
2024-10-10 15:28:54+03:00,100.0
2024-10-10 15:33:30+03:00,86.0
2024-10-10 15:40:43+03:00,86.0
2024-10-10 15:46:43+03:00,104.0
2024-10-10 15:56:49+03:00,90.0
2024-10-10 16:00:21+03:00,94.0
2024-10-10 16:05:14+03:00,82.0
2024-10-10 16:11:29+03:00,104.0
2024-10-10 16:13:47+03:00,90.0
2024-10-10 16:18:12+03:00,88.0
2024-10-10 16:23:10+03:00,91.0
2024-10-10 16:32:08+03:00,84.0
2024-10-10 16:41:50+03:00,81.0
2024-10-11 12:37:38+03:00,99.0
2024-10-11 12:52:03+03:00,88.0
2024-10-11 12:55:52+03:00,95.0
2024-10-11 12:59:26+03:00,91.0
2024-10-11 13:05:23+03:00,97.0
2024-10-11 13:09:27+03:00,69.0
2024-10-11 13:13:22+03:00,89.0
2024-10-11 13:17:54+03:00,97.0
2024-10-11 13:24:37+03:00,90.0
2024-10-11 13:38:02+03:00,89.0
2024-10-11 13:47:00+03:00,88.0
2024-10-11 13:48:32+03:00,98.0
2024-10-11 13:53:22+03:00,88.0
2024-10-11 13:59:34+03:00,98.0
2024-10-11 14:03:39+03:00,93.0
2024-10-11 14:10:34+03:00,88.0
2024-10-11 14:13:25+03:00,97.0
2024-10-11 14:21:24+03:00,83.0
2024-10-11 14:26:25+03:00,65.0
2024-10-11 14:28:19+03:00,81.0
2024-10-11 14:36:54+03:00,73.0
2024-10-11 14:50:37+03:00,84.0
2024-10-11 15:05:09+03:00,58.0
2024-10-11 15:12:25+03:00,83.0
2024-10-11 15:26:36+03:00,100.0
2024-10-11 15:28:18+03:00,99.0
2024-10-11 15:36:56+03:00,84.0
2024-10-11 16:02:02+03:00,76.0
2024-10-13 13:50:59+03:00,88.0
2024-10-13 13:54:10+03:00,88.0
2024-10-13 13:58:39+03:00,83.0
2024-10-13 14:03:09+03:00,88.0
2024-10-13 14:11:01+03:00,81.0
2024-10-13 14:13:06+03:00,85.0
2024-10-13 14:18:23+03:00,89.0
2024-10-13 15:34:10+03:00,81.0
2024-10-13 15:50:21+03:00,92.0
2024-10-13 15:55:42+03:00,69.0
2024-10-13 16:01:54+03:00,90.0
2024-10-13 16:05:20+03:00,107.0
2024-10-13 16:10:06+03:00,104.0
2024-10-13 16:23:49+03:00,79.0
2024-10-13 16:30:52+03:00,87.0
2024-10-13 16:35:19+03:00,91.0
2024-10-13 16:37:42+03:00,95.0
2024-10-13 16:50:21+03:00,99.0
2024-10-13 16:56:30+03:00,117.0
2024-10-13 16:58:17+03:00,121.0
2024-10-13 17:05:05+03:00,88.0
2024-10-13 17:09:05+03:00,95.0
2024-10-13 17:16:18+03:00,81.0
2024-10-13 17:21:13+03:00,90.0
2024-10-13 17:22:30+03:00,70.0
2024-10-13 17:30:13+03:00,99.0
2024-10-13 17:35:50+03:00,74.0
2024-10-13 17:38:28+03:00,86.0
2024-10-13 17:44:14+03:00,93.0
2024-10-13 17:47:56+03:00,81.0
2024-10-13 17:53:22+03:00,91.0
2024-10-13 18:02:03+03:00,99.0
2024-10-13 18:05:39+03:00,102.0
2024-10-13 18:12:06+03:00,76.0
2024-10-13 18:14:22+03:00,81.0
2024-10-13 18:20:39+03:00,97.0
2024-10-13 18:23:06+03:00,89.0
2024-10-13 18:36:22+03:00,85.0
2024-10-13 18:40:37+03:00,91.0
2024-10-13 18:47:12+03:00,94.0
2024-10-13 18:51:24+03:00,100.0
2024-10-13 19:15:22+03:00,89.0
2024-10-13 19:19:29+03:00,99.0
2024-10-13 19:23:34+03:00,80.0
2024-10-14 08:11:17+03:00,90.0
2024-10-14 08:29:27+03:00,123.0
2024-10-14 08:36:07+03:00,89.0
2024-10-14 08:41:43+03:00,73.0
2024-10-14 08:46:23+03:00,83.0
2024-10-14 08:54:52+03:00,85.0
2024-10-14 09:03:50+03:00,98.0
2024-10-14 09:07:44+03:00,99.0
2024-10-14 09:10:55+03:00,98.0
2024-10-14 09:17:37+03:00,95.0
2024-10-14 09:23:18+03:00,88.0
2024-10-14 09:27:49+03:00,90.0
2024-10-14 09:30:50+03:00,94.0
2024-10-14 09:36:08+03:00,92.0
2024-10-14 09:42:36+03:00,65.0
2024-10-14 09:49:18+03:00,82.0
2024-10-14 09:53:25+03:00,93.0
2024-10-14 09:55:50+03:00,92.0
2024-10-14 10:03:55+03:00,92.0
2024-10-14 10:09:11+03:00,102.0
2024-10-14 10:12:24+03:00,91.0
2024-10-14 10:16:52+03:00,95.0
2024-10-14 10:33:41+03:00,89.0
2024-10-14 10:38:29+03:00,72.0
2024-10-14 10:48:25+03:00,90.0
2024-10-14 10:51:08+03:00,75.0
2024-10-14 11:01:34+03:00,76.0
2024-10-14 11:07:18+03:00,89.0
2024-10-14 11:11:05+03:00,88.0
2024-10-14 11:18:53+03:00,89.0
2024-10-14 11:28:19+03:00,91.0
2024-10-14 11:32:48+03:00,65.0
2024-10-14 11:34:30+03:00,93.0
2024-10-14 11:41:53+03:00,88.0
2024-10-14 11:49:14+03:00,101.0
2024-10-14 11:53:29+03:00,79.0
2024-10-14 11:56:07+03:00,65.0
2024-10-14 12:00:24+03:00,98.0
2024-10-14 12:07:39+03:00,90.0
2024-10-14 12:09:37+03:00,89.0
2024-10-14 12:16:55+03:00,72.0
2024-10-14 12:26:34+03:00,73.0
2024-10-14 12:34:00+03:00,81.0
2024-10-14 12:35:37+03:00,89.0
2024-10-14 12:43:43+03:00,92.0
2024-10-14 12:49:25+03:00,88.0
2024-10-14 12:54:12+03:00,81.0
2024-10-14 12:55:36+03:00,82.0
2024-10-14 12:59:51+03:00,89.0
2024-10-14 13:04:29+03:00,75.0
2024-10-14 13:24:57+03:00,89.0
2024-10-14 13:30:20+03:00,78.0
2024-10-14 13:37:13+03:00,94.0
2024-10-14 13:44:16+03:00,95.0
2024-10-14 13:47:55+03:00,82.0
2024-10-14 13:57:33+03:00,79.0
2024-10-14 14:00:24+03:00,88.0
2024-10-14 14:08:03+03:00,97.0
2024-10-14 14:12:28+03:00,97.0
2024-10-14 14:16:30+03:00,91.0
2024-10-14 14:22:12+03:00,97.0
2024-10-14 14:25:51+03:00,88.0
2024-10-14 14:32:12+03:00,100.0
2024-10-14 14:44:11+03:00,104.0
2024-10-14 14:46:13+03:00,102.0
2024-10-14 14:50:23+03:00,99.0
2024-10-14 14:54:46+03:00,94.0
2024-10-14 15:03:18+03:00,91.0
2024-10-14 15:09:21+03:00,90.0
2024-10-14 15:12:17+03:00,90.0
2024-10-14 15:15:36+03:00,83.0
2024-10-14 15:20:26+03:00,81.0
2024-10-14 15:25:38+03:00,81.0
2024-10-14 15:31:27+03:00,70.0
2024-10-14 15:38:10+03:00,88.0
2024-10-14 15:43:06+03:00,88.0
2024-10-14 15:48:33+03:00,90.0
2024-10-14 15:53:54+03:00,92.0
2024-10-14 15:55:05+03:00,93.0
2024-10-14 15:59:36+03:00,89.0
2024-10-14 16:07:40+03:00,83.0
2024-10-14 16:12:03+03:00,88.0
2024-10-14 16:14:51+03:00,86.0
2024-10-14 16:38:36+03:00,77.0
2024-10-14 16:40:00+03:00,99.0
2024-10-15 09:53:37+03:00,89.0
2024-10-15 09:58:58+03:00,102.0
2024-10-15 10:02:12+03:00,99.0
2024-10-15 10:08:49+03:00,112.0
2024-10-15 10:13:01+03:00,100.0
2024-10-15 10:19:28+03:00,105.0
2024-10-15 10:22:06+03:00,103.0
2024-10-15 10:29:24+03:00,103.0
2024-10-15 10:33:18+03:00,95.0
2024-10-15 10:37:48+03:00,79.0
2024-10-15 10:42:31+03:00,81.0
2024-10-15 10:47:44+03:00,100.0
2024-10-15 10:53:44+03:00,85.0
2024-10-15 11:03:19+03:00,114.0
2024-10-15 11:07:16+03:00,101.0
2024-10-15 11:12:55+03:00,102.0
2024-10-15 11:18:56+03:00,95.0
2024-10-15 11:22:28+03:00,94.0
2024-10-15 11:27:43+03:00,97.0
2024-10-15 11:30:52+03:00,88.0
2024-10-15 11:37:06+03:00,74.0
2024-10-15 11:42:32+03:00,88.0
2024-10-15 11:45:23+03:00,80.0
2024-10-15 11:51:02+03:00,101.0
2024-10-15 11:55:53+03:00,89.0
2024-10-15 12:07:38+03:00,88.0
2024-10-15 12:13:15+03:00,81.0
2024-10-15 12:15:04+03:00,86.0
2024-10-15 12:24:22+03:00,98.0
2024-10-15 12:26:24+03:00,83.0
2024-10-15 12:33:01+03:00,69.0
2024-10-15 12:42:04+03:00,113.0
2024-10-15 12:49:57+03:00,89.0
2024-10-15 12:51:31+03:00,115.0
2024-10-15 13:00:00+03:00,114.0
2024-10-15 13:01:32+03:00,109.0
2024-10-15 13:29:32+03:00,91.0
2024-10-15 13:32:26+03:00,88.0
2024-10-15 13:36:20+03:00,102.0
2024-10-15 13:40:50+03:00,77.0
2024-10-15 13:47:40+03:00,74.0
2024-10-15 13:56:09+03:00,60.0
2024-10-15 14:06:17+03:00,61.0
2024-10-15 14:22:45+03:00,104.0
2024-10-15 14:29:55+03:00,75.0
2024-10-15 14:34:43+03:00,104.0
2024-10-15 14:37:26+03:00,66.0
2024-10-15 14:43:48+03:00,95.0
2024-10-15 14:45:17+03:00,102.0
2024-10-15 14:52:12+03:00,87.0
2024-10-15 14:58:50+03:00,83.0
2024-10-15 15:04:41+03:00,94.0
2024-10-15 15:08:44+03:00,81.0
2024-10-15 15:10:36+03:00,104.0
2024-10-15 15:17:57+03:00,82.0
2024-10-15 15:21:51+03:00,87.0
2024-10-15 15:27:02+03:00,81.0
2024-10-15 15:31:58+03:00,89.0
2024-10-15 15:37:04+03:00,78.0
2024-10-15 15:40:18+03:00,83.0
2024-10-15 15:46:28+03:00,100.0
2024-10-15 15:52:50+03:00,82.0
2024-10-15 15:56:14+03:00,97.0
2024-10-15 16:04:41+03:00,98.0
2024-10-15 16:06:56+03:00,87.0
2024-10-15 16:10:48+03:00,99.0
2024-10-15 16:17:20+03:00,95.0
2024-10-15 16:24:00+03:00,90.0
2024-10-15 16:28:07+03:00,83.0
2024-10-15 16:30:17+03:00,91.0
2024-10-15 16:39:00+03:00,94.0
2024-10-15 16:41:46+03:00,87.0
2024-10-15 16:45:48+03:00,99.0
2024-10-15 16:50:46+03:00,74.0
2024-10-15 16:55:13+03:00,68.0
2024-10-15 17:02:24+03:00,71.0
2024-10-15 17:05:37+03:00,105.0
2024-10-15 17:11:11+03:00,99.0
2024-10-15 17:16:45+03:00,100.0
2024-10-15 17:23:02+03:00,97.0
2024-10-15 17:28:30+03:00,99.0
2024-10-15 17:34:42+03:00,99.0
2024-10-15 17:37:45+03:00,98.0
2024-10-15 17:40:26+03:00,98.0
2024-10-15 17:48:42+03:00,97.0
2024-10-15 17:53:43+03:00,90.0
2024-10-15 18:00:00+03:00,102.0
2024-10-15 18:01:29+03:00,99.0
2024-10-15 18:08:42+03:00,102.0
2024-10-15 18:12:08+03:00,89.0
2024-10-15 18:18:40+03:00,99.0
2024-10-15 18:23:40+03:00,85.0
2024-10-15 18:25:55+03:00,95.0
2024-10-15 18:35:44+03:00,86.0
2024-10-15 18:41:12+03:00,103.0
2024-10-15 19:16:48+03:00,106.0
2024-10-15 19:45:53+03:00,122.0
2024-10-15 19:54:55+03:00,109.0
2024-10-15 20:33:43+03:00,82.0
2024-10-15 20:36:36+03:00,99.0
2024-10-15 20:49:41+03:00,83.0
2024-10-15 20:53:00+03:00,98.0
2024-10-15 20:59:07+03:00,90.0
2024-10-15 21:04:41+03:00,97.0
2024-10-15 21:06:26+03:00,97.0
2024-10-15 21:10:13+03:00,91.0
2024-10-15 21:20:20+03:00,107.0
2024-10-15 21:28:11+03:00,94.0
2024-10-15 21:31:05+03:00,97.0
2024-10-15 21:39:58+03:00,97.0
2024-10-15 21:44:36+03:00,98.0
2024-10-15 21:48:13+03:00,99.0
2024-10-15 22:04:14+03:00,100.0
2024-10-15 22:07:18+03:00,97.0
2024-10-15 22:13:22+03:00,97.0
2024-10-15 22:19:42+03:00,91.0
2024-10-15 22:23:12+03:00,93.0
2024-10-15 22:26:51+03:00,114.0
2024-10-15 22:34:27+03:00,97.0
2024-10-15 22:49:09+03:00,97.0
2024-10-15 22:59:50+03:00,119.0
2024-10-15 23:03:47+03:00,99.0
2024-10-15 23:06:40+03:00,98.0
2024-10-15 23:11:38+03:00,99.0
2024-10-15 23:15:07+03:00,101.0
2024-10-15 23:24:33+03:00,95.0
2024-10-15 23:28:30+03:00,97.0
2024-10-15 23:30:48+03:00,102.0
2024-10-15 23:35:44+03:00,97.0
2024-10-15 23:42:21+03:00,97.0
2024-10-15 23:47:53+03:00,97.0
2024-10-15 23:50:46+03:00,97.0
2024-10-15 23:57:09+03:00,90.0
2024-10-16 00:04:15+03:00,88.0
2024-10-16 00:08:35+03:00,83.0
2024-10-16 00:12:32+03:00,88.0
2024-10-16 01:49:28+03:00,87.0
2024-10-16 01:54:26+03:00,89.0
2024-10-16 01:56:00+03:00,82.0
2024-10-16 02:00:28+03:00,86.0
2024-10-16 02:06:35+03:00,85.0
2024-10-16 02:12:01+03:00,99.0
2024-10-16 02:19:04+03:00,87.0
2024-10-16 02:21:44+03:00,98.0
2024-10-16 02:34:01+03:00,79.0
2024-10-16 02:39:43+03:00,91.0
2024-10-16 02:44:33+03:00,93.0
2024-10-16 02:48:32+03:00,88.0
2024-10-16 02:53:18+03:00,85.0
2024-10-16 02:56:37+03:00,81.0
2024-10-16 03:14:36+03:00,88.0
2024-10-16 13:52:21+03:00,113.0
2024-10-16 13:55:09+03:00,104.0
2024-10-16 14:04:48+03:00,115.0
2024-10-16 14:09:41+03:00,115.0
2024-10-16 14:11:25+03:00,102.0
2024-10-16 14:17:07+03:00,110.0
2024-10-16 14:24:56+03:00,93.0
2024-10-16 14:32:07+03:00,81.0
2024-10-16 14:35:26+03:00,98.0
2024-10-16 14:43:18+03:00,70.0
2024-10-16 14:58:51+03:00,82.0
2024-10-16 15:05:36+03:00,73.0
2024-10-16 15:14:26+03:00,65.0
2024-10-16 15:15:50+03:00,86.0
2024-10-16 15:20:18+03:00,63.0
2024-10-16 15:40:18+03:00,89.0
2024-10-16 15:50:27+03:00,97.0
2024-10-16 15:56:45+03:00,112.0
2024-10-16 16:01:50+03:00,99.0
2024-10-16 17:48:29+03:00,99.0
2024-10-16 17:54:39+03:00,107.0
2024-10-16 18:08:09+03:00,80.0
2024-10-16 18:19:25+03:00,101.0
2024-10-16 18:20:56+03:00,77.0
2024-10-16 18:29:29+03:00,71.0
2024-10-16 18:34:35+03:00,79.0
2024-10-16 18:36:50+03:00,88.0
2024-10-16 18:46:01+03:00,110.0
2024-10-16 18:51:40+03:00,102.0
2024-10-16 18:56:36+03:00,73.0
2024-10-16 19:00:25+03:00,75.0
2024-10-16 19:34:50+03:00,75.0
2024-10-16 19:39:09+03:00,80.0
2024-10-16 19:43:32+03:00,89.0
2024-10-16 19:49:44+03:00,82.0
2024-10-16 19:53:17+03:00,97.0
2024-10-16 19:55:48+03:00,89.0
2024-10-16 20:03:51+03:00,105.0
2024-10-16 20:18:25+03:00,73.0
2024-10-16 20:22:40+03:00,74.0
2024-10-17 09:03:53+03:00,83.0
2024-10-17 09:07:40+03:00,91.0
2024-10-17 09:14:13+03:00,82.0
2024-10-17 09:17:21+03:00,82.0
2024-10-17 09:20:40+03:00,81.0
2024-10-17 09:29:56+03:00,90.0
2024-10-17 09:34:57+03:00,85.0
2024-10-17 09:37:50+03:00,88.0
2024-10-17 09:43:08+03:00,90.0
2024-10-17 09:54:51+03:00,99.0
2024-10-17 09:57:29+03:00,97.0
2024-10-17 10:02:27+03:00,75.0
2024-10-17 10:05:56+03:00,98.0
2024-10-17 10:11:15+03:00,95.0
2024-10-17 10:16:05+03:00,89.0
2024-10-17 10:24:45+03:00,91.0
2024-10-17 10:26:40+03:00,88.0
2024-10-17 10:30:34+03:00,94.0
2024-10-17 10:39:32+03:00,87.0
2024-10-17 10:42:00+03:00,94.0
2024-10-17 10:48:20+03:00,80.0
2024-10-17 10:51:46+03:00,95.0
2024-10-17 11:04:37+03:00,94.0
2024-10-17 11:07:05+03:00,86.0
2024-10-17 11:12:21+03:00,83.0
2024-10-17 11:19:26+03:00,74.0
2024-10-17 11:24:47+03:00,88.0
2024-10-17 11:28:36+03:00,88.0
2024-10-17 11:32:02+03:00,89.0
2024-10-17 11:39:38+03:00,82.0
2024-10-17 11:40:52+03:00,90.0
2024-10-17 11:46:36+03:00,90.0
2024-10-17 11:51:16+03:00,79.0
2024-10-17 12:08:27+03:00,98.0
2024-10-17 12:10:02+03:00,76.0
2024-10-17 12:18:46+03:00,89.0
2024-10-17 12:22:15+03:00,89.0
2024-10-17 12:25:18+03:00,90.0
2024-10-17 12:31:40+03:00,98.0
2024-10-17 12:38:30+03:00,82.0
2024-10-17 12:43:43+03:00,75.0
2024-10-17 12:50:30+03:00,91.0
2024-10-17 13:00:54+03:00,100.0
2024-10-17 13:09:26+03:00,94.0
2024-10-17 13:11:13+03:00,92.0
2024-10-17 13:19:09+03:00,61.0
2024-10-17 13:22:10+03:00,73.0
2024-10-17 13:26:30+03:00,97.0
2024-10-17 13:30:16+03:00,79.0
2024-10-17 13:49:27+03:00,88.0
2024-10-17 13:52:16+03:00,97.0
2024-10-17 13:58:48+03:00,95.0
2024-10-17 14:04:09+03:00,99.0
2024-10-17 14:06:24+03:00,89.0
2024-10-17 14:14:26+03:00,98.0
2024-10-17 14:16:31+03:00,95.0
2024-10-17 14:21:24+03:00,89.0
2024-10-17 14:29:21+03:00,93.0
2024-10-17 14:33:49+03:00,80.0
2024-10-17 14:44:25+03:00,125.0
2024-10-17 14:47:10+03:00,123.0
2024-10-17 14:51:05+03:00,112.0
2024-10-17 14:58:23+03:00,105.0
2024-10-17 15:00:05+03:00,88.0
2024-10-17 15:07:57+03:00,74.0
2024-10-17 15:11:46+03:00,69.0
2024-10-17 15:17:20+03:00,104.0
2024-10-17 15:22:28+03:00,94.0
2024-10-17 15:27:23+03:00,117.0
2024-10-17 15:32:42+03:00,115.0
2024-10-17 15:39:29+03:00,91.0
2024-10-17 15:41:01+03:00,118.0
2024-10-17 15:45:28+03:00,89.0
2024-10-17 15:53:40+03:00,106.0
2024-10-17 15:58:09+03:00,79.0
2024-10-17 16:01:23+03:00,100.0
2024-10-17 16:05:22+03:00,81.0
2024-10-17 16:10:50+03:00,91.0
2024-10-17 16:17:07+03:00,81.0
2024-10-17 16:24:48+03:00,104.0
2024-10-17 16:26:57+03:00,88.0
2024-10-17 16:31:27+03:00,88.0
2024-10-17 16:38:57+03:00,89.0
2024-10-17 16:43:50+03:00,65.0
2024-10-17 16:45:34+03:00,101.0
2024-10-17 16:51:56+03:00,101.0
2024-10-17 16:59:19+03:00,100.0
2024-10-17 17:00:56+03:00,99.0
2024-10-17 17:06:39+03:00,113.0
2024-10-17 17:10:59+03:00,90.0
2024-10-17 17:16:40+03:00,97.0
2024-10-17 17:21:22+03:00,90.0
2024-10-17 17:28:04+03:00,87.0
2024-10-17 17:33:19+03:00,92.0
2024-10-17 17:35:44+03:00,74.0
2024-10-17 17:41:46+03:00,74.0
2024-10-17 17:46:53+03:00,89.0
2024-10-17 17:51:36+03:00,88.0
2024-10-17 17:58:15+03:00,94.0
2024-10-17 18:02:09+03:00,89.0
2024-10-17 18:08:03+03:00,68.0
2024-10-17 18:19:25+03:00,93.0
2024-10-17 18:20:28+03:00,74.0
2024-10-17 18:28:30+03:00,82.0
2024-10-17 18:47:45+03:00,82.0
2024-10-17 18:50:18+03:00,73.0
2024-10-18 09:40:41+03:00,75.0
2024-10-18 09:54:29+03:00,88.0
2024-10-18 09:59:50+03:00,83.0
2024-10-18 10:03:49+03:00,88.0
2024-10-18 10:09:11+03:00,69.0
2024-10-18 10:11:18+03:00,72.0
2024-10-18 10:16:11+03:00,72.0
2024-10-18 10:23:22+03:00,81.0
2024-10-18 10:26:26+03:00,59.0
2024-10-18 10:30:13+03:00,82.0
2024-10-18 10:39:08+03:00,93.0
2024-10-18 10:41:38+03:00,83.0
2024-10-18 10:47:55+03:00,82.0
2024-10-18 10:54:38+03:00,83.0
2024-10-18 10:59:13+03:00,90.0
2024-10-18 11:04:37+03:00,69.0
2024-10-18 11:07:42+03:00,83.0
2024-10-18 11:13:34+03:00,73.0
2024-10-18 11:19:35+03:00,91.0
2024-10-18 11:21:53+03:00,72.0
2024-10-18 11:28:43+03:00,83.0
2024-10-18 11:39:10+03:00,89.0
2024-10-18 11:40:21+03:00,85.0
2024-10-18 11:46:07+03:00,82.0
2024-10-18 11:50:17+03:00,84.0
2024-10-18 11:56:44+03:00,88.0
2024-10-18 12:02:55+03:00,94.0
2024-10-18 12:08:14+03:00,78.0
2024-10-18 12:11:25+03:00,89.0
2024-10-18 12:17:13+03:00,82.0
2024-10-18 12:23:48+03:00,75.0
2024-10-18 12:27:37+03:00,89.0
2024-10-18 12:33:26+03:00,60.0
2024-10-18 12:44:03+03:00,79.0
2024-10-18 12:53:25+03:00,99.0
2024-10-18 12:55:33+03:00,98.0
2024-10-18 13:00:38+03:00,90.0
2024-10-18 13:05:29+03:00,88.0
2024-10-18 13:19:22+03:00,90.0
2024-10-18 13:21:45+03:00,78.0
2024-10-18 13:27:39+03:00,75.0
2024-10-18 13:38:06+03:00,81.0
2024-10-18 13:45:21+03:00,90.0
2024-10-18 14:55:18+03:00,66.0
2024-10-18 15:20:00+03:00,103.0
2024-10-18 15:32:19+03:00,82.0
2024-10-19 00:12:50+03:00,82.0
2024-10-19 00:15:07+03:00,95.0
2024-10-19 00:23:45+03:00,93.0
2024-10-19 00:27:01+03:00,97.0
2024-10-19 00:31:11+03:00,97.0
2024-10-19 00:35:26+03:00,97.0
2024-10-19 00:41:17+03:00,93.0
2024-10-19 00:48:30+03:00,94.0
2024-10-19 00:49:42+03:00,89.0
2024-10-19 00:56:45+03:00,90.0
2024-10-19 01:00:36+03:00,83.0
2024-10-19 01:08:05+03:00,93.0
2024-10-19 01:12:40+03:00,93.0
2024-10-19 01:18:36+03:00,86.0
2024-10-19 01:20:18+03:00,79.0
2024-10-19 01:27:13+03:00,80.0
2024-10-19 01:30:12+03:00,83.0
2024-10-19 01:34:34+03:00,83.0
2024-10-19 01:43:52+03:00,79.0
2024-10-19 01:48:56+03:00,82.0
2024-10-19 01:52:53+03:00,85.0
2024-10-19 01:59:25+03:00,88.0
2024-10-19 02:02:01+03:00,99.0
2024-10-19 02:14:20+03:00,74.0
2024-10-19 02:27:23+03:00,88.0
2024-10-19 02:31:02+03:00,93.0
2024-10-19 02:43:52+03:00,93.0
2024-10-19 02:49:05+03:00,90.0
2024-10-19 03:04:36+03:00,87.0
2024-10-19 03:10:02+03:00,90.0
2024-10-19 03:38:57+03:00,88.0
2024-10-19 03:43:32+03:00,94.0
2024-10-19 03:45:57+03:00,100.0
2024-10-19 03:49:46+03:00,91.0
2024-10-19 03:57:14+03:00,102.0
2024-10-19 04:03:37+03:00,83.0
2024-10-19 04:17:40+03:00,78.0
2024-10-20 12:41:38+03:00,98.0
2024-10-20 12:48:21+03:00,98.0
2024-10-20 12:57:39+03:00,84.0
2024-10-20 13:04:03+03:00,97.0
2024-10-20 13:08:00+03:00,89.0
2024-10-20 13:13:03+03:00,90.0
2024-10-20 13:18:42+03:00,88.0
2024-10-20 13:23:55+03:00,99.0
2024-10-20 13:31:44+03:00,93.0
2024-10-20 13:36:17+03:00,90.0
2024-10-20 13:40:26+03:00,98.0
2024-10-20 13:47:14+03:00,99.0
2024-10-20 13:55:34+03:00,100.0
2024-10-20 14:00:37+03:00,95.0
2024-10-20 14:08:11+03:00,93.0
2024-10-20 14:11:42+03:00,93.0
2024-10-20 14:16:28+03:00,90.0
2024-10-20 14:20:30+03:00,93.0
2024-10-20 14:27:48+03:00,88.0
2024-10-20 14:32:21+03:00,100.0
2024-10-20 14:36:48+03:00,92.0
2024-10-20 14:43:44+03:00,88.0
2024-10-20 14:47:00+03:00,91.0
2024-10-20 14:51:58+03:00,88.0
2024-10-20 14:57:50+03:00,99.0
2024-10-20 15:03:06+03:00,93.0
2024-10-20 15:05:23+03:00,92.0
2024-10-20 15:13:55+03:00,97.0
2024-10-20 15:18:28+03:00,81.0
2024-10-20 15:20:10+03:00,93.0
2024-10-20 15:27:58+03:00,104.0
2024-10-20 15:48:49+03:00,68.0
2024-10-20 15:54:18+03:00,80.0
2024-10-20 15:59:15+03:00,90.0
2024-10-20 16:02:37+03:00,106.0
2024-10-20 16:08:56+03:00,88.0
2024-10-20 16:17:08+03:00,98.0
2024-10-20 16:23:38+03:00,93.0
2024-10-20 16:24:41+03:00,87.0
2024-10-20 16:30:58+03:00,74.0
2024-10-20 16:37:10+03:00,105.0
2024-10-20 16:44:13+03:00,81.0
2024-10-20 16:49:11+03:00,106.0
2024-10-20 16:51:39+03:00,66.0
2024-10-20 16:56:09+03:00,74.0
2024-10-20 17:03:32+03:00,98.0
2024-10-20 17:05:24+03:00,112.0
2024-10-20 17:13:00+03:00,102.0
2024-10-20 17:16:14+03:00,100.0
2024-10-20 17:19:48+03:00,104.0
2024-10-20 17:27:51+03:00,93.0
2024-10-20 17:31:18+03:00,99.0
2024-10-20 17:38:56+03:00,99.0
2024-10-20 17:41:03+03:00,98.0
2024-10-20 17:46:14+03:00,98.0
2024-10-20 17:49:50+03:00,78.0
2024-10-20 17:58:27+03:00,71.0
2024-10-20 18:04:03+03:00,81.0
2024-10-20 18:05:55+03:00,92.0
2024-10-20 18:10:27+03:00,73.0
2024-10-20 18:16:03+03:00,102.0
2024-10-20 18:27:02+03:00,72.0
2024-10-20 18:33:29+03:00,81.0
2024-10-20 18:35:33+03:00,72.0
2024-10-20 18:43:50+03:00,100.0
2024-10-20 18:47:24+03:00,92.0
2024-10-20 18:49:41+03:00,88.0
2024-10-20 18:57:50+03:00,97.0
2024-10-20 19:06:39+03:00,98.0
2024-10-20 19:21:09+03:00,99.0
2024-10-20 19:42:25+03:00,90.0
2024-10-20 19:48:01+03:00,88.0
2024-10-20 19:53:45+03:00,62.0
2024-10-20 20:03:18+03:00,91.0
2024-10-20 20:17:44+03:00,88.0
2024-10-20 20:21:21+03:00,94.0
2024-10-20 20:28:19+03:00,88.0
2024-10-20 20:34:16+03:00,76.0
2024-10-20 20:45:39+03:00,75.0
2024-10-21 08:55:00+03:00,81.0
2024-10-21 09:03:47+03:00,81.0
2024-10-21 09:04:59+03:00,84.0
2024-10-21 09:14:09+03:00,80.0
2024-10-21 09:18:52+03:00,88.0
2024-10-21 09:23:17+03:00,81.0
2024-10-21 09:25:32+03:00,82.0
2024-10-21 09:30:33+03:00,77.0
2024-10-21 09:37:52+03:00,82.0
2024-10-21 09:42:25+03:00,82.0
2024-10-21 09:47:06+03:00,90.0
2024-10-21 09:53:48+03:00,81.0
2024-10-21 09:55:00+03:00,81.0
2024-10-21 10:01:04+03:00,76.0
2024-10-21 10:06:49+03:00,81.0
2024-10-21 10:14:17+03:00,80.0
2024-10-21 10:36:17+03:00,86.0
2024-10-21 10:43:02+03:00,95.0
2024-10-21 10:45:40+03:00,81.0
2024-10-21 10:53:47+03:00,91.0
2024-10-21 10:55:26+03:00,91.0
2024-10-21 11:01:41+03:00,88.0
2024-10-21 11:07:15+03:00,83.0
2024-10-21 11:14:12+03:00,80.0
2024-10-21 11:15:29+03:00,85.0
2024-10-21 11:22:39+03:00,90.0
2024-10-21 11:24:31+03:00,83.0
2024-10-21 11:32:36+03:00,84.0
2024-10-21 11:35:54+03:00,82.0
2024-10-21 11:40:01+03:00,91.0
2024-10-21 11:44:39+03:00,87.0
2024-10-21 11:57:30+03:00,76.0
2024-10-21 12:02:02+03:00,80.0
2024-10-21 12:07:38+03:00,88.0
2024-10-21 12:10:01+03:00,61.0
2024-10-21 12:17:00+03:00,66.0
2024-10-21 12:20:34+03:00,80.0
2024-10-21 12:26:13+03:00,88.0
2024-10-21 12:31:54+03:00,89.0
2024-10-21 12:36:29+03:00,101.0
2024-10-21 12:46:49+03:00,89.0
2024-10-21 12:50:38+03:00,78.0
2024-10-21 13:04:02+03:00,88.0
2024-10-21 13:07:34+03:00,84.0
2024-10-21 13:13:02+03:00,89.0
2024-10-21 13:14:51+03:00,99.0
2024-10-21 13:21:23+03:00,72.0
2024-10-21 13:25:25+03:00,95.0
2024-10-21 13:30:33+03:00,70.0
2024-10-21 13:52:25+03:00,97.0
2024-10-21 13:55:48+03:00,102.0
2024-10-21 14:00:16+03:00,77.0
2024-10-21 14:06:12+03:00,83.0
2024-10-21 14:11:56+03:00,97.0
2024-10-21 14:15:12+03:00,87.0
2024-10-21 14:22:05+03:00,90.0
2024-10-21 14:27:18+03:00,113.0
2024-10-21 14:32:21+03:00,93.0
2024-10-21 14:36:45+03:00,79.0
2024-10-21 14:40:37+03:00,97.0
2024-10-21 14:47:16+03:00,97.0
2024-10-21 14:53:28+03:00,87.0
2024-10-21 14:55:43+03:00,88.0
2024-10-21 15:01:04+03:00,79.0
2024-10-21 15:08:52+03:00,81.0
2024-10-21 15:13:07+03:00,90.0
2024-10-21 15:15:48+03:00,73.0
2024-10-21 15:27:28+03:00,86.0
2024-10-21 15:37:42+03:00,81.0
2024-10-21 15:41:39+03:00,81.0
2024-10-21 15:45:36+03:00,80.0
2024-10-21 15:54:13+03:00,82.0
2024-10-21 15:57:21+03:00,92.0
2024-10-21 16:00:43+03:00,76.0
2024-10-21 16:06:34+03:00,78.0
2024-10-21 16:13:35+03:00,117.0
2024-10-21 16:44:20+03:00,97.0
2024-10-21 16:52:53+03:00,85.0
2024-10-21 21:08:25+03:00,65.0
2024-10-21 21:30:55+03:00,90.0
2024-10-21 21:41:27+03:00,91.0
2024-10-21 21:46:41+03:00,94.0
2024-10-21 21:50:46+03:00,94.0
2024-10-21 21:58:22+03:00,91.0
2024-10-21 22:24:27+03:00,91.0
2024-10-21 22:36:15+03:00,102.0
2024-10-21 22:55:45+03:00,93.0
2024-10-21 23:01:55+03:00,91.0
2024-10-21 23:07:08+03:00,89.0
2024-10-21 23:09:59+03:00,102.0
2024-10-21 23:18:36+03:00,72.0
2024-10-21 23:24:19+03:00,89.0
2024-10-21 23:27:38+03:00,88.0
2024-10-21 23:29:50+03:00,81.0
2024-10-21 23:35:36+03:00,85.0
2024-10-21 23:42:24+03:00,86.0
2024-10-21 23:47:25+03:00,88.0
2024-10-21 23:53:03+03:00,78.0
2024-10-21 23:55:44+03:00,81.0
2024-10-22 00:09:29+03:00,79.0
2024-10-22 00:10:43+03:00,81.0
2024-10-22 00:15:11+03:00,81.0
2024-10-22 00:20:19+03:00,80.0
2024-10-22 00:24:47+03:00,67.0
2024-10-22 00:33:42+03:00,82.0
2024-10-22 00:37:03+03:00,81.0
2024-10-22 00:44:22+03:00,79.0
2024-10-22 00:46:06+03:00,77.0
2024-10-22 00:57:26+03:00,86.0
2024-10-22 09:58:37+03:00,97.0
2024-10-22 10:00:06+03:00,83.0
2024-10-22 10:04:43+03:00,81.0
2024-10-22 10:11:31+03:00,89.0
2024-10-22 10:17:23+03:00,90.0
2024-10-22 10:23:43+03:00,82.0
2024-10-22 10:25:30+03:00,94.0
2024-10-22 10:30:25+03:00,92.0
2024-10-22 10:38:02+03:00,77.0
2024-10-22 10:47:46+03:00,90.0
2024-10-22 10:53:32+03:00,76.0
2024-10-22 10:57:06+03:00,83.0
2024-10-22 10:59:44+03:00,88.0
2024-10-22 11:06:19+03:00,83.0
2024-10-22 11:12:51+03:00,91.0
2024-10-22 11:14:33+03:00,81.0
2024-10-22 11:29:07+03:00,88.0
2024-10-22 11:37:22+03:00,82.0
2024-10-22 11:41:57+03:00,82.0
2024-10-22 11:47:38+03:00,78.0
2024-10-22 11:54:49+03:00,88.0
2024-10-22 12:01:41+03:00,86.0
2024-10-22 12:05:13+03:00,86.0
2024-10-22 12:15:22+03:00,85.0
2024-10-22 12:19:47+03:00,91.0
2024-10-22 12:28:42+03:00,83.0
2024-10-22 12:31:56+03:00,73.0
2024-10-22 12:37:50+03:00,83.0
2024-10-22 12:44:09+03:00,93.0
2024-10-22 12:52:52+03:00,92.0
2024-10-22 12:54:59+03:00,86.0
2024-10-22 13:08:01+03:00,81.0
2024-10-22 13:10:41+03:00,101.0
2024-10-22 13:19:18+03:00,91.0
2024-10-22 13:22:24+03:00,93.0
2024-10-22 13:27:50+03:00,94.0
2024-10-22 13:39:15+03:00,102.0
2024-10-22 13:41:18+03:00,97.0
2024-10-22 13:48:51+03:00,98.0
2024-10-22 13:53:59+03:00,97.0
2024-10-22 13:59:18+03:00,104.0
2024-10-22 14:00:24+03:00,101.0
2024-10-22 14:08:43+03:00,100.0
2024-10-22 14:13:21+03:00,102.0
2024-10-22 14:15:00+03:00,74.0
2024-10-22 14:22:16+03:00,95.0
2024-10-22 14:28:30+03:00,99.0
2024-10-22 14:29:52+03:00,93.0
2024-10-22 14:48:32+03:00,104.0
2024-10-22 14:50:07+03:00,76.0
2024-10-22 15:02:41+03:00,100.0
2024-10-22 15:06:35+03:00,81.0
2024-10-22 15:11:46+03:00,102.0
2024-10-22 15:17:50+03:00,89.0
2024-10-22 15:20:46+03:00,88.0
2024-10-22 15:27:31+03:00,78.0
2024-10-22 15:32:55+03:00,90.0
2024-10-22 15:42:11+03:00,88.0
2024-10-22 15:46:56+03:00,90.0
2024-10-22 15:54:12+03:00,89.0
2024-10-22 15:55:36+03:00,92.0
2024-10-22 16:03:53+03:00,88.0
2024-10-22 16:06:26+03:00,89.0
2024-10-22 16:11:14+03:00,86.0
2024-10-22 16:16:25+03:00,88.0
2024-10-22 16:24:30+03:00,91.0
2024-10-22 16:29:08+03:00,88.0
2024-10-22 16:31:15+03:00,89.0
2024-10-22 16:56:01+03:00,79.0
2024-10-22 17:01:14+03:00,67.0
2024-10-22 17:06:01+03:00,93.0
2024-10-22 17:27:17+03:00,66.0
2024-10-22 18:12:08+03:00,74.0
2024-10-23 09:53:20+03:00,89.0
2024-10-23 09:56:23+03:00,81.0
2024-10-23 10:01:21+03:00,81.0
2024-10-23 10:05:16+03:00,90.0
2024-10-23 10:10:39+03:00,83.0
2024-10-23 10:16:51+03:00,81.0
2024-10-23 10:19:55+03:00,76.0
2024-10-23 10:28:09+03:00,78.0
2024-10-23 10:52:15+03:00,82.0
2024-10-23 10:56:32+03:00,74.0
2024-10-23 11:03:50+03:00,88.0
2024-10-23 11:06:13+03:00,83.0
2024-10-23 11:20:10+03:00,90.0
2024-10-23 11:24:53+03:00,88.0
2024-10-23 11:33:40+03:00,98.0
2024-10-23 11:36:56+03:00,91.0
2024-10-23 11:39:34+03:00,88.0
2024-10-23 11:52:27+03:00,67.0
2024-10-23 11:58:26+03:00,71.0
2024-10-23 12:00:36+03:00,91.0
2024-10-23 12:05:13+03:00,65.0
2024-10-23 12:13:15+03:00,107.0
2024-10-23 12:28:34+03:00,52.0
2024-10-23 12:30:49+03:00,103.0
2024-10-23 12:35:13+03:00,90.0
2024-10-23 12:43:48+03:00,99.0
2024-10-23 12:48:02+03:00,95.0
2024-10-23 12:50:42+03:00,98.0
2024-10-23 12:57:15+03:00,60.0
2024-10-23 13:03:31+03:00,78.0
2024-10-23 13:04:45+03:00,69.0
2024-10-23 13:26:33+03:00,101.0
2024-10-23 13:29:47+03:00,90.0
2024-10-23 13:36:17+03:00,111.0
2024-10-23 13:40:50+03:00,85.0
2024-10-23 13:48:42+03:00,113.0
2024-10-23 13:51:17+03:00,95.0
2024-10-23 13:59:26+03:00,95.0
2024-10-23 14:02:14+03:00,97.0
2024-10-23 14:07:15+03:00,102.0
2024-10-23 14:13:02+03:00,97.0
2024-10-23 14:16:16+03:00,97.0
2024-10-23 14:20:20+03:00,94.0
2024-10-23 14:27:01+03:00,95.0
2024-10-23 14:29:39+03:00,76.0
2024-10-23 14:42:10+03:00,65.0
2024-10-23 14:48:48+03:00,75.0
2024-10-23 14:50:27+03:00,97.0
2024-10-23 14:58:42+03:00,98.0
2024-10-24 08:49:55+03:00,72.0
2024-10-24 08:57:56+03:00,102.0
2024-10-24 09:04:29+03:00,82.0
2024-10-24 09:06:49+03:00,89.0
2024-10-24 09:10:54+03:00,94.0
2024-10-24 09:19:54+03:00,82.0
2024-10-24 09:27:50+03:00,78.0
2024-10-24 09:32:13+03:00,81.0
2024-10-24 09:42:22+03:00,83.0
2024-10-24 09:45:46+03:00,91.0
2024-10-24 09:57:56+03:00,93.0
2024-10-24 10:03:19+03:00,93.0
2024-10-24 10:08:48+03:00,88.0
2024-10-24 10:12:07+03:00,90.0
2024-10-24 10:18:24+03:00,79.0
2024-10-24 10:21:59+03:00,89.0
2024-10-24 10:28:33+03:00,76.0
2024-10-24 10:38:09+03:00,88.0
2024-10-24 10:41:05+03:00,90.0
2024-10-24 10:46:36+03:00,90.0
2024-10-24 10:50:31+03:00,88.0
2024-10-24 10:57:28+03:00,88.0
2024-10-24 11:03:12+03:00,78.0
2024-10-24 11:06:31+03:00,95.0
2024-10-24 11:10:43+03:00,72.0
2024-10-24 11:15:08+03:00,91.0
2024-10-24 11:23:45+03:00,88.0
2024-10-24 11:27:44+03:00,80.0
2024-10-24 11:30:19+03:00,98.0
2024-10-24 11:35:43+03:00,62.0
2024-10-24 11:40:00+03:00,94.0
2024-10-24 11:44:51+03:00,85.0
2024-10-24 11:49:38+03:00,69.0
2024-10-24 12:13:40+03:00,95.0
2024-10-24 12:14:54+03:00,89.0
2024-10-24 12:23:16+03:00,103.0
2024-10-24 12:28:04+03:00,65.0
2024-10-24 12:30:16+03:00,99.0
2024-10-24 12:36:36+03:00,90.0
2024-10-24 12:41:29+03:00,95.0
2024-10-24 12:51:04+03:00,91.0
2024-10-24 12:56:48+03:00,107.0
2024-10-24 12:59:57+03:00,83.0
2024-10-24 13:07:26+03:00,83.0
2024-10-24 13:13:56+03:00,68.0
2024-10-24 13:19:14+03:00,89.0
2024-10-24 13:20:26+03:00,105.0
2024-10-24 13:26:04+03:00,89.0
2024-10-24 13:33:10+03:00,81.0
2024-10-24 13:35:17+03:00,102.0
2024-10-24 13:48:10+03:00,100.0
2024-10-24 13:51:34+03:00,97.0
2024-10-24 13:56:57+03:00,106.0
2024-10-24 14:02:06+03:00,103.0
2024-10-24 14:09:11+03:00,90.0
2024-10-24 14:19:26+03:00,103.0
2024-10-24 14:24:01+03:00,92.0
2024-10-24 14:28:09+03:00,88.0
2024-10-24 14:30:59+03:00,95.0
2024-10-24 14:43:34+03:00,73.0
2024-10-24 14:48:35+03:00,94.0
2024-10-24 14:51:13+03:00,95.0
2024-10-24 15:03:58+03:00,97.0
2024-10-24 15:07:27+03:00,90.0
2024-10-24 15:13:19+03:00,89.0
2024-10-24 15:14:35+03:00,89.0
2024-10-24 15:20:48+03:00,102.0
2024-10-24 15:24:42+03:00,100.0
2024-10-24 15:33:14+03:00,90.0
2024-10-24 15:34:31+03:00,100.0
2024-10-24 15:43:49+03:00,65.0
2024-10-24 15:53:48+03:00,68.0
2024-10-24 15:54:59+03:00,87.0
2024-10-24 16:00:15+03:00,93.0
2024-10-24 16:07:43+03:00,88.0
2024-10-24 16:13:58+03:00,78.0
2024-10-24 16:19:20+03:00,80.0
2024-10-24 16:23:24+03:00,91.0
2024-10-24 16:28:18+03:00,90.0
2024-10-24 16:31:57+03:00,80.0
2024-10-24 16:37:54+03:00,69.0
2024-10-24 16:39:59+03:00,72.0
2024-10-24 16:45:00+03:00,91.0
2024-10-24 16:50:51+03:00,97.0
2024-10-24 17:07:39+03:00,89.0
2024-10-25 10:58:09+03:00,79.0
2024-10-25 11:23:24+03:00,90.0
2024-10-25 11:31:40+03:00,99.0
2024-10-25 11:42:58+03:00,92.0
2024-10-25 11:47:31+03:00,90.0
2024-10-25 11:49:40+03:00,90.0
2024-10-25 11:57:29+03:00,83.0
2024-10-25 12:02:01+03:00,103.0
2024-10-25 12:04:34+03:00,98.0
2024-10-25 12:12:28+03:00,97.0
2024-10-25 12:17:41+03:00,91.0
2024-10-25 12:33:03+03:00,67.0
2024-10-25 12:34:37+03:00,114.0
2024-10-25 12:47:39+03:00,99.0
2024-10-25 12:51:13+03:00,97.0
2024-10-25 12:58:56+03:00,89.0
2024-10-25 13:03:06+03:00,99.0
2024-10-25 13:08:44+03:00,97.0
2024-10-25 13:13:24+03:00,88.0
2024-10-25 13:18:53+03:00,85.0
2024-10-25 13:21:15+03:00,83.0
2024-10-25 13:24:49+03:00,65.0
2024-10-25 13:36:40+03:00,106.0
2024-10-25 13:49:19+03:00,97.0
2024-10-25 13:51:57+03:00,78.0
2024-10-25 14:39:09+03:00,73.0
2024-10-25 14:40:15+03:00,77.0
2024-10-25 14:48:28+03:00,117.0
2024-10-25 15:07:24+03:00,102.0
2024-10-25 15:10:46+03:00,97.0
2024-10-25 15:23:42+03:00,72.0
2024-10-25 19:42:36+03:00,71.0
2024-10-25 19:48:18+03:00,100.0
2024-10-25 20:18:17+03:00,78.0
2024-10-25 20:48:45+03:00,90.0
2024-10-25 20:52:11+03:00,103.0
2024-10-25 20:58:00+03:00,86.0
2024-10-25 21:01:52+03:00,94.0
2024-10-25 21:07:36+03:00,79.0
2024-10-25 21:10:50+03:00,91.0
2024-10-25 21:18:21+03:00,93.0
2024-10-25 21:24:03+03:00,103.0
2024-10-25 21:28:45+03:00,99.0
2024-10-25 21:30:07+03:00,94.0
2024-10-25 21:39:28+03:00,85.0
2024-10-25 21:41:28+03:00,89.0
2024-10-25 21:47:04+03:00,88.0
2024-10-25 21:57:27+03:00,82.0
2024-10-25 22:00:48+03:00,89.0
2024-10-25 22:06:04+03:00,85.0
2024-10-25 22:13:33+03:00,91.0
2024-10-25 22:17:50+03:00,95.0
2024-10-25 22:20:13+03:00,90.0
2024-10-25 22:26:53+03:00,90.0
2024-10-25 22:31:18+03:00,92.0
2024-10-25 22:36:26+03:00,99.0
2024-10-25 22:40:13+03:00,90.0
2024-10-25 22:45:11+03:00,90.0
2024-10-25 22:53:59+03:00,89.0
2024-10-25 22:59:07+03:00,84.0
2024-10-25 23:00:54+03:00,88.0
2024-10-25 23:06:33+03:00,91.0
2024-10-25 23:11:43+03:00,89.0
2024-10-25 23:14:57+03:00,88.0
2024-10-25 23:24:17+03:00,82.0
2024-10-25 23:27:00+03:00,81.0
2024-10-25 23:33:35+03:00,81.0
2024-10-25 23:35:07+03:00,78.0
2024-10-25 23:41:11+03:00,84.0
2024-10-25 23:46:24+03:00,81.0
2024-10-25 23:52:08+03:00,72.0
2024-10-25 23:55:32+03:00,81.0
2024-10-26 00:02:37+03:00,90.0
2024-10-26 00:07:55+03:00,97.0
2024-10-26 00:16:11+03:00,91.0
2024-10-26 00:26:45+03:00,76.0
2024-10-26 00:31:41+03:00,86.0
2024-10-26 00:36:52+03:00,90.0
2024-10-26 00:48:12+03:00,89.0
2024-10-26 00:50:22+03:00,79.0
2024-10-26 01:06:20+03:00,92.0
2024-10-26 01:22:25+03:00,99.0
2024-10-26 01:26:47+03:00,95.0
2024-10-26 01:32:36+03:00,71.0
2024-10-26 01:56:26+03:00,91.0
2024-10-26 02:37:59+03:00,98.0
2024-10-27 16:34:34+03:00,99.0
2024-10-27 16:37:15+03:00,89.0
2024-10-27 16:40:46+03:00,81.0
2024-10-27 17:28:06+03:00,102.0
2024-10-27 17:30:21+03:00,113.0
2024-10-27 17:38:35+03:00,112.0
2024-10-27 17:40:17+03:00,109.0
2024-10-27 17:50:47+03:00,102.0
2024-10-27 17:58:56+03:00,99.0
2024-10-27 18:05:36+03:00,101.0
2024-10-27 18:16:44+03:00,91.0
2024-10-27 18:34:10+03:00,106.0
2024-10-27 18:44:17+03:00,98.0
2024-10-27 18:45:41+03:00,93.0
2024-10-27 18:53:46+03:00,99.0
2024-10-27 18:56:08+03:00,102.0
2024-10-27 19:08:56+03:00,98.0
2024-10-27 19:13:03+03:00,87.0
2024-10-27 19:17:28+03:00,93.0
2024-10-27 19:24:47+03:00,70.0
2024-10-27 19:26:00+03:00,106.0
2024-10-27 19:30:10+03:00,91.0
2024-10-27 19:38:12+03:00,99.0
2024-10-27 19:40:29+03:00,83.0
2024-10-27 19:48:03+03:00,116.0
2024-10-27 19:54:20+03:00,78.0
2024-10-27 19:56:12+03:00,78.0
2024-10-27 20:04:05+03:00,102.0
2024-10-27 20:29:47+03:00,78.0
2024-10-27 20:41:25+03:00,70.0
2024-10-27 20:44:51+03:00,93.0
2024-10-27 20:53:54+03:00,67.0
2024-10-27 20:58:09+03:00,93.0
2024-10-27 21:00:42+03:00,83.0
2024-10-27 21:10:54+03:00,81.0
2024-10-27 21:17:42+03:00,88.0
2024-10-27 21:23:39+03:00,95.0
2024-10-27 21:28:43+03:00,95.0
2024-10-27 21:32:30+03:00,88.0
2024-10-27 21:36:42+03:00,81.0
2024-10-27 21:44:39+03:00,98.0
2024-10-27 21:46:00+03:00,93.0
2024-10-27 21:51:04+03:00,97.0
2024-10-27 21:58:20+03:00,93.0
2024-10-27 22:04:42+03:00,94.0
2024-10-27 22:06:32+03:00,88.0
2024-10-27 22:13:05+03:00,90.0
2024-10-27 22:17:45+03:00,89.0
2024-10-27 22:21:02+03:00,83.0
2024-10-27 22:25:58+03:00,61.0
2024-10-27 22:30:13+03:00,79.0
2024-10-27 22:36:48+03:00,86.0
2024-10-27 22:41:18+03:00,79.0
2024-10-27 22:48:55+03:00,73.0
2024-10-27 22:51:44+03:00,83.0
2024-10-27 22:55:08+03:00,99.0
2024-10-27 23:01:58+03:00,81.0
2024-10-27 23:07:12+03:00,68.0
2024-10-27 23:12:44+03:00,83.0
2024-10-27 23:16:59+03:00,77.0
2024-10-27 23:21:01+03:00,81.0
2024-10-27 23:25:57+03:00,100.0
2024-10-27 23:32:40+03:00,77.0
2024-10-27 23:35:59+03:00,59.0
2024-10-27 23:48:41+03:00,74.0
2024-10-28 20:16:36+03:00,104.0
2024-10-28 20:27:08+03:00,72.0
2024-10-28 20:34:16+03:00,102.0
2024-10-28 20:41:17+03:00,93.0
2024-10-28 21:05:21+03:00,82.0
2024-10-28 21:06:45+03:00,88.0
2024-10-28 21:12:03+03:00,97.0
2024-10-28 21:16:21+03:00,90.0
2024-10-28 21:35:40+03:00,79.0
2024-10-28 21:37:17+03:00,90.0
2024-10-28 21:41:19+03:00,93.0
2024-10-28 21:50:07+03:00,81.0
2024-10-28 21:55:36+03:00,89.0
2024-10-28 22:00:13+03:00,84.0
2024-10-28 22:03:50+03:00,91.0
2024-10-28 22:07:06+03:00,89.0
2024-10-28 22:13:33+03:00,74.0
2024-10-28 22:17:15+03:00,61.0
2024-10-28 22:23:42+03:00,89.0
2024-10-28 22:26:48+03:00,88.0
2024-10-28 22:34:50+03:00,90.0
2024-10-28 22:37:18+03:00,83.0
2024-10-28 23:30:07+03:00,88.0
2024-10-29 12:30:53+03:00,89.0
2024-10-29 12:35:46+03:00,70.0
2024-10-29 12:43:48+03:00,88.0
2024-10-29 12:54:55+03:00,102.0
2024-10-29 12:58:44+03:00,117.0
2024-10-29 13:04:08+03:00,107.0
2024-10-29 13:10:50+03:00,101.0
2024-10-29 13:16:01+03:00,106.0
2024-10-29 13:20:11+03:00,102.0
2024-10-29 13:22:33+03:00,91.0
2024-10-29 13:30:45+03:00,94.0
2024-10-29 13:32:11+03:00,94.0
2024-10-29 13:40:13+03:00,102.0
2024-10-29 13:44:48+03:00,95.0
2024-10-29 14:17:49+03:00,102.0
2024-10-29 14:25:02+03:00,94.0
2024-10-29 14:26:44+03:00,92.0
2024-10-29 14:34:06+03:00,107.0
2024-10-30 09:46:34+03:00,97.0
2024-10-30 09:47:48+03:00,94.0
2024-10-30 09:55:37+03:00,90.0
2024-10-30 09:58:00+03:00,88.0
2024-10-30 10:04:58+03:00,88.0
2024-10-30 10:07:34+03:00,89.0
2024-10-30 10:14:50+03:00,81.0
2024-10-30 10:17:10+03:00,83.0
2024-10-30 10:24:39+03:00,82.0
2024-10-30 10:28:56+03:00,79.0
2024-10-30 10:46:24+03:00,74.0
2024-10-30 10:50:29+03:00,83.0
2024-10-30 10:53:50+03:00,91.0
2024-10-30 10:59:57+03:00,73.0
2024-10-30 11:04:43+03:00,83.0
2024-10-30 11:08:55+03:00,81.0
2024-10-30 11:14:52+03:00,78.0
2024-10-30 11:17:15+03:00,76.0
2024-10-30 11:24:01+03:00,74.0
2024-10-30 11:27:23+03:00,97.0
2024-10-30 11:40:10+03:00,90.0
2024-10-30 11:42:36+03:00,88.0
2024-10-30 11:51:03+03:00,93.0
2024-10-30 11:56:35+03:00,79.0
2024-10-30 12:01:33+03:00,89.0
2024-10-30 12:03:48+03:00,87.0
2024-10-30 12:09:40+03:00,88.0
2024-10-30 12:16:23+03:00,77.0
2024-10-30 12:21:38+03:00,104.0
2024-10-30 12:30:41+03:00,90.0
2024-10-30 12:35:42+03:00,89.0
2024-10-30 12:38:25+03:00,90.0
2024-10-30 12:42:20+03:00,89.0
2024-10-30 12:47:56+03:00,89.0
2024-10-30 12:53:30+03:00,88.0
2024-10-30 12:58:46+03:00,88.0
2024-10-30 13:08:29+03:00,83.0
2024-10-30 13:14:28+03:00,99.0
2024-10-30 13:18:30+03:00,88.0
2024-10-30 13:23:39+03:00,104.0
2024-10-30 13:37:37+03:00,99.0
2024-10-30 13:44:34+03:00,89.0
2024-10-30 13:48:44+03:00,76.0
2024-10-30 13:53:57+03:00,81.0
2024-10-30 14:00:32+03:00,87.0
2024-10-30 14:05:58+03:00,59.0
2024-10-30 14:16:47+03:00,89.0
2024-10-30 14:20:24+03:00,83.0
2024-10-30 14:23:19+03:00,86.0
2024-10-30 14:29:13+03:00,91.0
2024-10-30 14:33:48+03:00,91.0
2024-10-30 14:38:16+03:00,90.0
2024-10-30 15:00:05+03:00,76.0
2024-10-30 15:19:39+03:00,97.0
2024-10-30 20:00:11+03:00,83.0
2024-10-30 20:05:34+03:00,102.0
2024-10-30 20:27:22+03:00,99.0
2024-10-30 20:36:04+03:00,65.0
2024-10-30 20:43:02+03:00,98.0
2024-10-30 20:47:50+03:00,84.0
2024-10-30 20:52:15+03:00,90.0
2024-10-30 20:59:46+03:00,94.0
2024-10-30 21:04:44+03:00,99.0
2024-10-30 21:10:00+03:00,100.0
2024-10-30 21:13:42+03:00,97.0
2024-10-30 21:18:32+03:00,75.0
2024-10-30 21:24:01+03:00,100.0
2024-10-30 21:28:08+03:00,92.0
2024-10-30 22:16:44+03:00,94.0
2024-10-30 22:20:16+03:00,94.0
2024-10-30 22:26:20+03:00,91.0
2024-10-30 22:30:05+03:00,97.0
2024-10-30 22:36:29+03:00,82.0
2024-10-30 22:38:39+03:00,87.0
2024-10-30 22:43:15+03:00,93.0
2024-10-30 22:48:56+03:00,89.0
2024-10-30 22:52:20+03:00,83.0
2024-10-30 23:10:29+03:00,68.0
2024-10-30 23:15:30+03:00,85.0
2024-10-30 23:19:42+03:00,88.0
2024-10-30 23:37:57+03:00,80.0
2024-10-31 08:50:30+03:00,93.0
2024-10-31 08:59:54+03:00,93.0
2024-10-31 09:04:34+03:00,93.0
2024-10-31 09:08:06+03:00,88.0
2024-10-31 09:14:26+03:00,102.0
2024-10-31 09:20:23+03:00,95.0
2024-10-31 09:24:07+03:00,89.0
2024-10-31 09:31:36+03:00,89.0
2024-10-31 09:36:37+03:00,85.0
2024-10-31 09:41:10+03:00,90.0
2024-10-31 09:46:47+03:00,97.0
2024-10-31 10:00:23+03:00,89.0
2024-10-31 10:07:28+03:00,93.0
2024-10-31 10:26:52+03:00,98.0
2024-10-31 10:31:22+03:00,99.0
2024-10-31 10:36:35+03:00,81.0
2024-10-31 10:38:45+03:00,98.0
2024-10-31 10:44:24+03:00,78.0
2024-10-31 10:50:38+03:00,82.0
2024-10-31 10:53:13+03:00,84.0
2024-10-31 10:59:58+03:00,95.0
2024-10-31 11:02:31+03:00,73.0
2024-10-31 11:08:28+03:00,85.0
2024-10-31 11:12:55+03:00,81.0
2024-10-31 11:18:52+03:00,82.0
2024-10-31 11:25:04+03:00,81.0
2024-10-31 11:27:06+03:00,85.0
2024-10-31 11:35:48+03:00,67.0
2024-10-31 11:41:52+03:00,83.0
2024-10-31 11:47:26+03:00,73.0
2024-10-31 12:01:29+03:00,85.0
2024-10-31 12:10:59+03:00,94.0
2024-10-31 12:14:08+03:00,90.0
2024-10-31 13:25:36+03:00,102.0
2024-10-31 13:31:02+03:00,68.0
2024-10-31 13:36:16+03:00,92.0
2024-10-31 13:38:08+03:00,103.0
2024-10-31 13:46:40+03:00,88.0
2024-10-31 13:48:45+03:00,90.0
2024-10-31 13:56:27+03:00,94.0
2024-10-31 13:57:33+03:00,95.0
2024-10-31 14:02:49+03:00,97.0
2024-10-31 14:08:38+03:00,77.0
2024-10-31 14:16:48+03:00,83.0
2024-10-31 14:21:31+03:00,88.0
2024-10-31 14:23:53+03:00,69.0
2024-10-31 14:39:59+03:00,80.0
2024-10-31 14:45:53+03:00,77.0
2024-10-31 14:50:00+03:00,95.0
2024-10-31 14:54:00+03:00,87.0
2024-10-31 15:06:47+03:00,87.0
2024-10-31 15:10:16+03:00,97.0
2024-10-31 15:15:45+03:00,91.0
2024-10-31 15:18:59+03:00,102.0
2024-10-31 15:25:47+03:00,101.0
2024-10-31 16:49:19+03:00,76.0
2024-10-31 16:52:30+03:00,67.0
2024-10-31 16:57:46+03:00,95.0
2024-10-31 17:04:51+03:00,90.0
2024-10-31 17:09:31+03:00,92.0
2024-10-31 17:12:37+03:00,86.0
2024-10-31 17:23:56+03:00,73.0
2024-10-31 17:28:33+03:00,77.0
2024-10-31 17:36:47+03:00,75.0
2024-10-31 17:41:57+03:00,75.0
2024-10-31 17:44:28+03:00,69.0
2024-10-31 17:50:19+03:00,81.0
2024-10-31 17:53:24+03:00,100.0
2024-10-31 17:59:28+03:00,83.0
2024-10-31 18:16:18+03:00,88.0
2024-10-31 18:18:23+03:00,100.0
2024-10-31 18:32:21+03:00,102.0
2024-10-31 18:43:17+03:00,90.0
2024-11-01 09:50:29+03:00,70.0
